name, categories, image_urls
black cat hiding behind green grass, ['Cat Images & Pictures', 'Animals Images & Pictures', 'HD Black Wallpapers', 'HD Green Wallpapers', 'Cat Images & Pictures', 'field', 'Grass Backgrounds', 'garden', 'lucky', 'black cat', 'misterious', 'Eye Images', 'green eyes', 'mammal', 'pet', 'Free stock photos'],[{'url': 'https://images.unsplash.com/photo-1516280030429-27679b3dc9cf', 'path': 'full/af65bdf4dcb3482f24f0ffd75126f258ed1fb422.jpg', 'checksum': '4d7c79f5a34c273b8e27113649890056', 'status': 'uptodate'}]
a couple of cats standing next to each other, ['Cat Images & Pictures', 'amman', 'jordan', 'baby cats', 'Kitten Images & Pictures', 'feline', 'Animals Images & Pictures', 'Kitten Images & Pictures', 'Cat Images & Pictures', 'mammal', 'stray cats', 'Creative Commons images'],[{'url': 'https://plus.unsplash.com/premium_photo-1667099521841-8078e09b47f7', 'path': 'full/e83dd49697f7f3c1dc9e0e16fc98616c32da0a71.jpg', 'checksum': '39a78a9c0d49069e8dbf0bebfe3cf1a9', 'status': 'downloaded'}]
a couple of cats sitting next to each other, ['Cat Images & Pictures', 'jordan', 'stray cat', 'maine coon', 'amman', 'photo manipulation', 'calico cat', 'feline', 'Animals Images & Pictures', 'Kitten Images & Pictures', 'mammal', 'Cat Images & Pictures', 'cat portrait', 'stray cats', 'Backgrounds'],[{'url': 'https://plus.unsplash.com/premium_photo-1667099522017-fefced781d08', 'path': 'full/d25f378da044a8e4a10f4cc4dc727f9e0f4c0bdb.jpg', 'checksum': '034f700e26ae92e114b4834d801750e2', 'status': 'downloaded'}]
cat sitting on cushion, ['Animals Images & Pictures', 'Cat Images & Pictures', 'pet', 'HD Cute Wallpapers', 'Cute Backgrounds', 'HD Wallpapers', 'Hq Background Images', 'wildlife', 'Brown Backgrounds', 'Kitten Images & Pictures', 'bed', 'HD White Wallpapers', 'whiskers', 'Summer Images & Pictures', 'Cat Images & Pictures', 'Tiger Images & Pictures', 'fur', 'minimalism', 'whisker', 'spotted', 'Free stock photos'],[{'url': 'https://images.unsplash.com/photo-1518843025960-d60217f226f5', 'path': 'full/f394928d3486030198524d90e64f290f8302a421.jpg', 'checksum': '751b8e9e16601f20498a500dce599580', 'status': 'downloaded'}]
selective focus photo of gray tabby cat, ['Cat Images & Pictures', 'Animals Images & Pictures', 'pet', 'Eye Images', 'whiskers', 'green eye', 'Cat Images & Pictures', 'Eye Images', 'HD Green Wallpapers', 'tabby', 'close up', 'indoor', 'Brown Backgrounds', 'couch', 'mammal', 'HD Grey Wallpapers', 'Kitten Images & Pictures', 'HD Wallpapers'],[{'url': 'https://images.unsplash.com/photo-1518791841217-8f162f1e1131', 'path': 'full/a5c9dc266d87a6690a51356e670ced413665fec5.jpg', 'checksum': '691574f4f99d58ac68be7da6af9f6c19', 'status': 'downloaded'}]
selective focus photography brown cat lying over black cat, ['Cat Images & Pictures', 'Animals Images & Pictures', 'Kitten Images & Pictures', 'pet', 'feline', 'blue eyes', 'Kitten Images & Pictures', 'Eye Images', 'pussy', 'Cat Images & Pictures', 'Eye Images', 'HD Blue Wallpapers', 'HD White Wallpapers', 'mammal', 'manx', 'siamese', 'HD Wallpapers'],[{'url': 'https://images.unsplash.com/photo-1532386236358-a33d8a9434e3', 'path': 'full/34f20aa0d4526cfd085f795bda472aee2cb1ce7f.jpg', 'checksum': 'ae68c542a5e4dedb444e6401dbacddd5', 'status': 'downloaded'}]
orange cat, ['Cat Images & Pictures', 'Animals Images & Pictures', 'yaroslavl', 'russia', 'Animals Images & Pictures', 'HD Black Wallpapers', 'Cat Images & Pictures', 'mammal', 'pet', 'manx', 'abyssinian', 'Kitten Images & Pictures', 'Creative Commons images'],[{'url': 'https://images.unsplash.com/photo-1552933529-e359b2477252', 'path': 'full/e15bb29cdb6a4b391cb84133cf6a81136218a4f5.jpg', 'checksum': 'ecd154f9781ae06c9b9d000ede14e822', 'status': 'downloaded'}]
white cat sleeps under white comforter, ['Animals Images & Pictures', 'Cat Images & Pictures', 'pet', 'sleep', 'HD Grey Wallpapers', 'HD Cute Wallpapers', 'Cute Backgrounds', 'HD Wallpapers', 'Hq Background Images', 'wildlife', 'blanket', 'bed', 'eyes closed', 'collar', 'Cover Photos & Images', 'comforter', 'Kitten Images & Pictures', 'Animals Images & Pictures', 'smile', 'pets', 'Public domain images'],[{'url': 'https://images.unsplash.com/photo-1541781774459-bb2af2f05b55', 'path': 'full/dd5a2fd033ea458074f8f1ab340d5f1a66daf1a8.jpg', 'checksum': '181b453f6ff6e1aa00cec470fa26ccfd', 'status': 'downloaded'}]
cat sleeping on bed, ['Cat Images & Pictures', 'Animals Images & Pictures', 'pet', 'HD Chicago Wallpapers', 'united states', 'Brown Backgrounds', 'Love Images', 'Cat Images & Pictures', 'Happy Images & Pictures', 'relaxing', 'sunny', 'Coffee Images', 'cuddle', 'Cute Images & Pictures', 'home', 'home decor', 'mammal', 'furniture', 'cushion', 'bed', 'Backgrounds'],[{'url': 'https://images.unsplash.com/photo-1548802673-380ab8ebc7b7', 'path': 'full/1e821fb763eb64ba15b933730e5c5afee6c3b2dd.jpg', 'checksum': 'eda1318728ec728ffe14ce208f159a49', 'status': 'downloaded'}]
a close up of a cat with its mouth open, ['Cat Images & Pictures', 'studio', 'pet', 'tiger cat', 'smiling cat', 'happy cat', 'Cat Images & Pictures', 'beautiful cat', 'licking', 'ðŸ˜‹', 'hungry', 'pet portrait', 'Animals Images & Pictures', 'Free images'],[{'url': 'https://plus.unsplash.com/premium_photo-1677545182067-26ac518ef64f', 'path': 'full/b1fe6a34c800f6a7f01b038b239cb583eb7bf498.jpg', 'checksum': '54261606f4e977b1fcde763f3bd689c4', 'status': 'downloaded'}]
a cat sitting on top of a green cushion, ['cat cute', 'kucing', 'calico cat', 'Cat Images & Pictures', 'feline', 'fefline', 'Kitten Images & Pictures', 'Cat Images & Pictures', 'studio', 'pet', 'Free images'],[{'url': 'https://plus.unsplash.com/premium_photo-1677101221533-52b45823a2dc', 'path': 'full/cec0c50dd7775ca93a9913e6ef601f239889c75c.jpg', 'checksum': 'fa9790a943d2b20fa5b5267e3e681273', 'status': 'downloaded'}]
a group of cats sitting on top of snow covered ground, ['lynx', 'Cat Images & Pictures', 'HD Snow Wallpapers', 'snoe', 'snow cat', 'Winter Images & Pictures', 'neuschÃ¶nau', 'germany', 'wild cat', 'cat profile', 'Cat Images & Pictures', 'Tree Images & Pictures', 'wintertrees', 'grace', 'mammal', 'HD Wallpapers'],[{'url': 'https://plus.unsplash.com/premium_photo-1671976322693-97b3056d69b7', 'path': 'full/dc5adf764a5747e6c9accfb096634258561acf38.jpg', 'checksum': '9a1dfeb1935d1167a7ff648e58eb7ab7', 'status': 'downloaded'}]
silver imac with keyboard and mouse, ['Cat Images & Pictures', 'Italy Pictures & Images', 'cat teams', 'remote working', 'smartworking', 'pandemic', 'covid-19', 'coronavirus', 'coronavirus covid-19 pandemic', 'Cat Images & Pictures', 'smart working', 'team working', 'covid 19', 'covid', 'HD Grey Wallpapers', 'HD Screen Wallpapers', 'display', 'electronics', 'monitor', 'lcd screen', 'Free stock photos'],[{'url': 'https://images.unsplash.com/photo-1602924097911-a78ca1af38c6', 'path': 'full/be6117efa227cda0d099d5090ea4b093c0d1cfb4.jpg', 'checksum': 'aa9ca0d2e5d1e51017c9d69b6a9dab58', 'status': 'downloaded'}]
white and brown long fur cat, ['Animals Images & Pictures', 'Cat Images & Pictures', 'pet', 'shanghai', 'china', 'wildlife', 'Hq Background Images', 'HD Wallpapers', 'Cute Images & Pictures', 'Kitten Images & Pictures', 'britishcat', 'britishshorthair', 'tiffanyblue', 'tiffany', 'catlove', 'meow', 'kitty', 'Cat Images & Pictures', 'Dog Images & Pictures', 'reference', 'HD Wallpapers'],[{'url': 'https://images.unsplash.com/photo-1592194996308-7b43878e84a6', 'path': 'full/18179fcc40bb2e18aa22dba2adb52d14843cdb67.jpg', 'checksum': 'e90f2c62a14baea1127bab8b6a848def', 'status': 'downloaded'}]
selective focus photography of orange and white tabby cat, ['Cat Images & Pictures', 'Animals Images & Pictures', 'delft', 'pet', 'nederland', 'Cat Images & Pictures', 'kat', 'streetcat bob', 'bob', 'streetcat', 'holland', 'dutch', 'mammal', 'manx', 'Brown Backgrounds', 'abyssinian', 'Public domain images'],[{'url': 'https://images.unsplash.com/photo-1548546738-8509cb246ed3', 'path': 'full/099ca000e8aed5dc0bbfe9435bc112af8843bec0.jpg', 'checksum': '0e0f24ba08aba7457faeb6f616b9c4e7', 'status': 'downloaded'}]
white coated Persian cat sitting on brown wooden surface, ['Animals Images & Pictures', 'Cat Images & Pictures', 'pet', 'wildlife', 'Kitten Images & Pictures', 'HD Grey Wallpapers', 'Cat Images & Pictures', 'plants', 'HD Green Wallpapers', 'pets', 'mammal', 'basket', 'plant', 'blossom', 'Flower Images', 'apparel', 'clothing', 'helmet', 'angora', 'home decor', 'Free images'],[{'url': 'https://images.unsplash.com/photo-1548366086-7f1b76106622', 'path': 'full/2a31c0636bbb0c7a045bb4f71b48454ba830149b.jpg', 'checksum': '0831d9e51c257a496981f357875d0cb5', 'status': 'downloaded'}]
sitting orange Persian cat, ['Cat Images & Pictures', 'Animals Images & Pictures', 'pet', 'zwolle', 'netherlands', 'wildlife', 'portrait', 'fluffy', 'Cat Images & Pictures', 'Eye Images', 'Eye Images', 'pets', 'mainecoon', 'fluff', 'Brown Backgrounds', 'HD Purple Wallpapers', 'mammal', 'manx', 'HD Grey Wallpapers', 'Creative Commons images'],[{'url': 'https://images.unsplash.com/photo-1536590158209-e9d615d525e4', 'path': 'full/bd9db6598646b4569125f87672ff01f894bb2535.jpg', 'checksum': '38639c0d3af80ec89326482541200345', 'status': 'downloaded'}]
short-haired white and brown cat, ['Cat Images & Pictures', 'Animals Images & Pictures', 'pet', 'zwolle', 'netherlands', 'face', 'Eye Images', 'Cat Images & Pictures', 'pets', 'meow', 'Animals Images & Pictures', 'whiskers', 'ginger', 'HD White Wallpapers', 'ears', 'Eye Images', 'nose', 'feline', 'Brown Backgrounds', 'mammal', 'Free images'],[{'url': 'https://images.unsplash.com/photo-1536589961747-e239b2abbec2', 'path': 'full/a1849764d913b8f9ea606339521eb3d9158f689c.jpg', 'checksum': '736891ba20b9d00d094dc3e55f7750a2', 'status': 'downloaded'}]
brown tabby cat, ['Animals Images & Pictures', 'Cat Images & Pictures', 'pet', 'wildlife', 'Cute Images & Pictures', 'catwithteeth', 'happycat', 'catwithtongueout', 'whiskers', 'catwithteethout', 'smilingcat', 'cuteanimals', 'cutecat', 'photogeniccat', 'HD Backgrounds', 'model', 'Cat Images & Pictures', 'catiwthcuteeyes', 'catposing', 'HD Wallpapers', 'Free stock photos'],[{'url': 'https://images.unsplash.com/photo-1543852786-1cf6624b9987', 'path': 'full/2b6e6fe8a7d1a398b156008f457660bfa8db7bb6.jpg', 'checksum': 'f013f71460d58b1f28516b41873b3efb', 'status': 'downloaded'}]
four assorted-color tabby kittens on brown basket, ['Cat Images & Pictures', 'Animals Images & Pictures', 'Kitten Images & Pictures', 'pet', 'karlskrona', 'sweden', 'basket', 'berry', 'HD Green Wallpapers', 'HD Purple Wallpapers', 'old', 'Brown Backgrounds', 'up', 'looking up', 'Tree Images & Pictures', 'outdoor', 'Cat Images & Pictures', 'Kitten Images & Pictures', 'four', 'flora', 'HD Wallpapers'],[{'url': 'https://images.unsplash.com/photo-1517331156700-3c241d2b4d83', 'path': 'full/873bf84714d385b44de5b81703ce05219a5269bd.jpg', 'checksum': '3edb820ce9afa006009fb2c30b2b8ed9', 'status': 'downloaded'}]
